<?xml version="1.0" encoding="UTF-8"?>
<project-private xmlns="http://www.netbeans.org/ns/project-private/1">
    <editor-bookmarks xmlns="http://www.netbeans.org/ns/editor-bookmarks/2" lastBookmarkId="0"/>
    <open-files xmlns="http://www.netbeans.org/ns/projectui-open-files/2">
        <group>
            <file>file:/D:/dev/xampp/htdocs/wp-atlas/wp-content/themes/atlas-coleccion/css/page.css</file>
            <file>file:/D:/dev/xampp/htdocs/wp-atlas/wp-content/themes/atlas-coleccion/js/src-atlas.js</file>
            <file>file:/D:/dev/xampp/htdocs/wp-atlas/wp-content/themes/atlas-coleccion/js/split_text_to_size.js</file>
            <file>file:/D:/dev/xampp/htdocs/wp-atlas/wp-content/themes/atlas-coleccion/css/index.css</file>
            <file>file:/D:/dev/xampp/htdocs/wp-atlas/wp-content/themes/atlas-coleccion/functions.php</file>
            <file>file:/D:/dev/xampp/htdocs/wp-atlas/wp-content/themes/atlas-coleccion/js/toPrint.js</file>
            <file>file:/D:/dev/xampp/htdocs/wp-atlas/wp-content/themes/atlas-coleccion/css/colors.css</file>
            <file>file:/D:/dev/xampp/htdocs/wp-atlas/wp-content/themes/atlas-coleccion/page.php</file>
            <file>file:/D:/dev/xampp/htdocs/wp-atlas/wp-content/themes/atlas-coleccion/index.php</file>
            <file>file:/D:/dev/xampp/htdocs/wp-atlas/wp-content/themes/atlas-coleccion/css/menu.css</file>
            <file>file:/D:/dev/xampp/htdocs/wp-atlas/wp-content/themes/atlas-coleccion/js/FileSaver.js</file>
            <file>file:/D:/dev/xampp/htdocs/wp-atlas/wp-content/themes/atlas-coleccion/style.css</file>
            <file>file:/D:/dev/xampp/htdocs/wp-atlas/wp-content/themes/atlas-coleccion/css/animationNeon1.css</file>
        </group>
    </open-files>
</project-private>
